query,paper_title,position_with_paper,answer_relevancy,faithfulness,contextual_relevancy,query_generation_enabled,generated_queries
How can self-cleaning surfaces inspired by lotus leaves be applied in solar panel maintenance?,"Natural and synthetic superhydrophobic surfaces: A review of the fundamentals, structures, and applications",1,1,0.8666666666666667,0.9,FALSE,['How can self-cleaning surfaces inspired by lotus leaves be applied in solar panel maintenance?']
How can self-cleaning surfaces inspired by lotus leaves be applied in solar panel maintenance?,"Natural and synthetic superhydrophobic surfaces: A review of the fundamentals, structures, and applications",2,1,1,0.7,TRUE,"[' 1. Biomimicry of lotus leaf self-cleaning properties for enhancing solar panel durability.', '2. Solar panels inspired by lotus leaf surface texture for effective cleaning in harsh environments.', '3. Lotus leaf self-cleaning mechanism adaptation for maintaining efficiency in solar energy systems.', 'How can self-cleaning surfaces inspired by lotus leaves be applied in solar panel maintenance?']"
What natural processes can be used to design surfaces that repel water and oil?,"Natural and synthetic superhydrophobic surfaces: A review of the fundamentals, structures, and applications",1,1,0.7,0.9,FALSE,['What natural processes can be used to design surfaces that repel water and oil?']
What natural processes can be used to design surfaces that repel water and oil?,"Natural and synthetic superhydrophobic surfaces: A review of the fundamentals, structures, and applications",2,0.6153846153846154,0.5,0.8,TRUE,"[' 1. How do lotus leaves create superhydrophobic surfaces?', '2. Which biological structures exhibit both water and oil repellency?', '3. What are the mechanisms behind natural oleophobic coatings in organisms?', 'What natural processes can be used to design surfaces that repel water and oil?']"
Explore the application of hydrophobic coatings in reducing equipment cleaning costs.,"Natural and synthetic superhydrophobic surfaces: A review of the fundamentals, structures, and applications",4,1,0.6153846153846154,0.8,FALSE,['Explore the application of hydrophobic coatings in reducing equipment cleaning costs.']
Explore the application of hydrophobic coatings in reducing equipment cleaning costs.,"Natural and synthetic superhydrophobic surfaces: A review of the fundamentals, structures, and applications",2,0.7333333333333333,0.7692307692307693,0.7,TRUE,"[' 1. Investigate biological surfaces with low water affinity for cost-effective equipment maintenance.', '2. Study natural hydrophobic mechanisms to minimize biotechnological equipment cleaning expenses.', '3. Examine how organisms employ water-repellent coatings to save resources in biofilm management.', 'Explore the application of hydrophobic coatings in reducing equipment cleaning costs.']"
What are the differences between hydrophilic and hydrophobic surfaces in self-cleaning technology?,"Natural and synthetic superhydrophobic surfaces: A review of the fundamentals, structures, and applications",1,0.95,0.6666666666666666,0.9,FALSE,['What are the differences between hydrophilic and hydrophobic surfaces in self-cleaning technology?']
What are the differences between hydrophilic and hydrophobic surfaces in self-cleaning technology?,"Natural and synthetic superhydrophobic surfaces: A review of the fundamentals, structures, and applications",1,1,1,0.6,TRUE,"["" 1. How do natural hydrophilic and hydrophobic surfaces affect organisms' self- cleaning mechanisms?"", '2. What biological examples exhibit distinct water affinity for inspiring advanced self-cleaning systems?', '3. How can biomimetic approaches utilize hydrophobicity and hydrophilicity for optimized self-cleaning technologies?', 'What are the differences between hydrophilic and hydrophobic surfaces in self-cleaning technology?']"
How do butterfly wings inspire the design of water-repellent surfaces for industrial use?,"Natural and synthetic superhydrophobic surfaces: A review of the fundamentals, structures, and applications",1,1,0.75,0.7,FALSE,['How do butterfly wings inspire the design of water-repellent surfaces for industrial use?']
How do butterfly wings inspire the design of water-repellent surfaces for industrial use?,"Natural and synthetic superhydrophobic surfaces: A review of the fundamentals, structures, and applications",5,0.8888888888888888,0.6153846153846154,0.9,TRUE,"[' 1. ""Butterfly wing structure and water-repellency in biomimicry""', '2. ""Mechanisms of butterfly wings providing industry-grade water resistance""', '3. ""Biomimicking butterfly wing design for industrial water-repellent coatings""', 'How do butterfly wings inspire the design of water-repellent surfaces for industrial use?']"
Average Scores for Paper (Query Gen False),"Natural and synthetic superhydrophobic surfaces: A review of the fundamentals, structures, and applications",,0.99,0.7197435897435898,0.8400000000000001,FALSE,
Average Scores for Paper (Query Gen True),"Natural and synthetic superhydrophobic surfaces: A review of the fundamentals, structures, and applications",,0.8475213675213675,0.7769230769230769,0.74,TRUE,
How can distributed algorithms from nature be used to maintain and repair network infrastructure autonomously?,A distributed algorithm to maintain and repair the trail networks of arboreal ants,1,1,0.5,0.6,FALSE,['How can distributed algorithms from nature be used to maintain and repair network infrastructure autonomously?']
How can distributed algorithms from nature be used to maintain and repair network infrastructure autonomously?,A distributed algorithm to maintain and repair the trail networks of arboreal ants,1,0.1875,0.6470588235294118,0.5,TRUE,"[' 1. ""Biomimetic distributed network repair: How do animal colonies self-heal and apply to infrastructure?""', '2. ""Natural patterns for autonomous network maintenance: Learning from bee communication in swarm algorithms""', '3. ""Bio-inspired network resilience: Exploring fish schooling behavior for algorithmic repair solutions""', 'How can distributed algorithms from nature be used to maintain and repair network infrastructure autonomously?']"
What lessons from turtle ant trail networks can optimize traffic flow in urban planning?,A distributed algorithm to maintain and repair the trail networks of arboreal ants,1,0.8181818181818182,0.13333333333333333,0.2,FALSE,['What lessons from turtle ant trail networks can optimize traffic flow in urban planning?']
What lessons from turtle ant trail networks can optimize traffic flow in urban planning?,A distributed algorithm to maintain and repair the trail networks of arboreal ants,1,0.8181818181818182,0.25,0.2,TRUE,"[' 1. How do turtle ant trail formation mechanisms enhance urban road optimization?', '2. What traffic regulation strategies are employed by turtle ants in their trail networks for city infrastructure design?', '3. How can urban planning learn from the efficient routing systems of turtle ant trail networks?', 'What lessons from turtle ant trail networks can optimize traffic flow in urban planning?']"
How can swarm intelligence models mimic ant behavior for efficient resource routing in logistics?,A distributed algorithm to maintain and repair the trail networks of arboreal ants,3,0.8888888888888888,1,0.9,FALSE,['How can swarm intelligence models mimic ant behavior for efficient resource routing in logistics?']
How can swarm intelligence models mimic ant behavior for efficient resource routing in logistics?,A distributed algorithm to maintain and repair the trail networks of arboreal ants,1,0.5,0.7333333333333333,1,TRUE,"[' 1. How do ants optimize resource collection and distribution in colonies, for swarm intelligence application?', '2. What are the behaviors and communication methods of ants in resource gathering and transport, for efficient logistics?', '3. How can ant colony optimization be applied to improve routing efficiency in logistics systems?', 'How can swarm intelligence models mimic ant behavior for efficient resource routing in logistics?']"
What biological principles can improve fault-tolerance in robotic systems inspired by ant trail maintenance?,A distributed algorithm to maintain and repair the trail networks of arboreal ants,1,1,0,0.7,FALSE,['What biological principles can improve fault-tolerance in robotic systems inspired by ant trail maintenance?']
What biological principles can improve fault-tolerance in robotic systems inspired by ant trail maintenance?,A distributed algorithm to maintain and repair the trail networks of arboreal ants,1,1,1,0.6,TRUE,"[' 1. How does ant colony behavior enhance robot resilience through redundancy and self-repair?', '2. What biomimetic approaches can be adopted to mimic ant trail maintenance for fault-tolerant robot design?', ""3. How do ants' communication and coordination strategies contribute to robustness in robotic systems?"", 'What biological principles can improve fault-tolerance in robotic systems inspired by ant trail maintenance?']"
How can natural algorithms from ants inform the design of resilient communication networks?,A distributed algorithm to maintain and repair the trail networks of arboreal ants,1,0.9166666666666666,0.875,0.6,FALSE,['How can natural algorithms from ants inform the design of resilient communication networks?']
How can natural algorithms from ants inform the design of resilient communication networks?,A distributed algorithm to maintain and repair the trail networks of arboreal ants,1,1,0.8666666666666667,0.8,TRUE,"[' 1. ""Ant colonies\' communication: Biomimicry for robust network designs?""', '2. ""Resilient information transfer in ant societies: Biological inspiration for network engineering""', '3. ""Biomimicking ants\' decentralized communication systems: Enhancing network adaptability and recovery""', 'How can natural algorithms from ants inform the design of resilient communication networks?']"
Average Scores for Paper (Query Gen False),A distributed algorithm to maintain and repair the trail networks of arboreal ants,,0.9247474747474748,0.5016666666666667,0.6000000000000001,FALSE,
Average Scores for Paper (Query Gen True),A distributed algorithm to maintain and repair the trail networks of arboreal ants,,0.7011363636363637,0.6994117647058824,0.6199999999999999,TRUE,
