query,paper_title,position_with_paper,answer_relevancy,faithfulness,contextual_relevancy,query_generation_enabled,other_papers_found,other_papers_list
How can we create a dirt-repelling and water repelling agent that can be applied on cars.,Plant Cuticles: Physicochemical Characteristics and Biosynthesis,,0.6153846153846154,0.9090909090909091,0.0,False,0,
How can we create a dirt-repelling and water repelling agent that can be applied on cars.,Plant Cuticles: Physicochemical Characteristics and Biosynthesis,,0.8,1.0,0.2,True,1,The salvinia paradox: superhydrophobic surfaces with hydrophilic pins for air retention under water
Develop a robotic gripper that adapts to the shape of objects for a secure and gentle grip.,Functional morphology of the fin rays of teleost fishes,,1.0,0.4,0.0,False,1,Mechanoresponsive self-growing hydrogels inspired by muscle training
Develop a robotic gripper that adapts to the shape of objects for a secure and gentle grip.,Functional morphology of the fin rays of teleost fishes,,1.0,1.0,0.2,True,1,Mechanoresponsive self-growing hydrogels inspired by muscle training
Create a surface coating that reduces drag and enhance buoyancy for boats.,The salvinia paradox: superhydrophobic surfaces with hydrophilic pins for air retention under water,1.0,0.6666666666666666,0.8333333333333334,0.2,False,0,
Create a surface coating that reduces drag and enhance buoyancy for boats.,The salvinia paradox: superhydrophobic surfaces with hydrophilic pins for air retention under water,1.0,0.6428571428571429,0.8823529411764706,0.2,True,0,
Development of synthetic gripping hands for vertical movement in robots.,"A contribution to the functional analysis of the foot of the Tokay, Gekko gecko (Reptilia: Gekkonidae)",,0.5384615384615384,0.9090909090909091,0.2,False,1,Mechanoresponsive self-growing hydrogels inspired by muscle training
Development of synthetic gripping hands for vertical movement in robots.,"A contribution to the functional analysis of the foot of the Tokay, Gekko gecko (Reptilia: Gekkonidae)",3.0,0.8181818181818182,1.0,0.0,True,0,
Design a material that can become stronger when force is applied,Mechanoresponsive self-growing hydrogels inspired by muscle training,2.0,1.0,0.6666666666666666,0.8,False,0,
Design a material that can become stronger when force is applied,Mechanoresponsive self-growing hydrogels inspired by muscle training,2.0,0.25,0.5294117647058824,0.6,True,0,
